Qty,Refs,Part,Value,Footprint,LCSC
1,BZ1,Buzzer,magnetic 3V,Buzzer_Beeper:Buzzer_12x9.5RM7.6,
2,C1 C12,C,10u,Capacitor_SMD:C_0805_2012Metric,
1,C2,C,100n,Capacitor_SMD:C_0805_2012Metric,
7,C10 C3 C4 C5 C6 C7 C8,C,10n,Capacitor_SMD:C_0603_1608Metric,
1,C9,C,100n,Capacitor_SMD:C_0603_1608Metric,
1,D3,LED,red 3mm diffused CC,supply1:LED_D3.0mm_Standoff,
1,D4,LED,green 3mm diffused CV,supply1:LED_D3.0mm_Standoff,
1,D5,LED,yellow,LED_SMD:LED_0805_2012Metric,
1,D6,D_Schottky,SS14,Diode_SMD:D_SMA,
3,H1 H2 H3,MountingHole,M3,MountingHole:MountingHole_3.2mm_M3,
1,J1,Conn_02x10_Odd_Even,to supply_control,Connector_PinHeader_2.54mm:PinHeader_2x10_P2.54mm_Horizontal,
1,J3,Conn_01x08,IPS 1.9in ST7789 SPI (wired),Connector_PinHeader_2.54mm:PinHeader_1x08_P2.54mm_Horizontal,
1,J6,Conn_01x04,OUTPUT panel button,Connector_JST:JST_XH_B4B-XH-A_1x04_P2.50mm_Vertical,
1,Q1,2N7002,2N7002,Package_TO_SOT_SMD:SOT-23,
10,R1 R11 R15 R16 R17 R23 R3 R5 R7 R9,R,10k,Resistor_SMD:R_0603_1608Metric,
3,R18 R19 R20,R,330,Resistor_SMD:R_0603_1608Metric,
7,R10 R12 R2 R24 R4 R6 R8,R,1k,Resistor_SMD:R_0603_1608Metric,
1,R28,R,100k,Resistor_SMD:R_0603_1608Metric,
2,R27 R29,R,100,Resistor_SMD:R_0603_1608Metric,
2,SW1 SW2,RotaryEncoder,EC10E1220505,supply1:RotaryEncoder_Alps_EC10E_Horizontal,
1,SW3,SW_Push,V WHEEL PUSH,Button_Switch_THT:SW_TH_Tactile_Omron_B3F-102x,
1,SW4,SW_Push,I WHEEL PUSH,Button_Switch_THT:SW_TH_Tactile_Omron_B3F-102x,
1,SW5,SW_Push,LEFT,Button_Switch_THT:SW_TH_Tactile_Omron_B3F-102x,
1,SW6,SW_Push,RIGHT,Button_Switch_THT:SW_TH_Tactile_Omron_B3F-102x,
1,SW7,SW_Push,ENTER,Button_Switch_THT:SW_TH_Tactile_Omron_B3F-102x,
7,TP1 TP2 TP3 TP4 TP7 TP8 TP9,TestPoint,TestPoint,TestPoint:TestPoint_Pad_D1.0mm,
1,U1,TCA9535PWR,TCA9535PWR,Package_SO:TSSOP-24_4.4x7.8mm_P0.65mm,C130204
