Qty,Refs,Part,Value,Footprint,LCSC,DNP
2,C501 C502,C,2.2u,Capacitor_SMD:C_1206_3216Metric,,
13,C503 C504 C508 C604 C605 C701 C702 C703 C704 C706 C708 C709 C972,C,100n,Capacitor_SMD:C_0603_1608Metric,,
2,C505 C506,C,22u,Capacitor_SMD:C_0805_2012Metric,,
4,C507 C602 C603 C707,C,1u,Capacitor_SMD:C_0603_1608Metric,,
5,C601 C606 C607 C705 C971,C,4.7u,Capacitor_SMD:C_0805_2012Metric,,
9,C710 C711 C712 C713 C714 C715 C716 C717 C718,C,1n,Capacitor_SMD:C_0603_1608Metric,,
1,D503,D_Schottky,SS14,Diode_SMD:D_SMA,,
1,D504,LED,green,LED_SMD:LED_0805_2012Metric,,
1,FB501,FerriteBead_Small,600R@100MHz,Inductor_SMD:L_0603_1608Metric,,
1,J601,USB_C_Receptacle_USB2.0_16P,USB_C_Receptacle_USB2.0_16P,Connector_USB:USB_C_Receptacle_HRO_TYPE-C-31-M-12,C2765186,
1,J701,Conn_02x05_Odd_Even,SWD,Connector_PinHeader_1.27mm:PinHeader_2x05_P1.27mm_Vertical,,
1,J702,Conn_01x04,UART,Connector_PinHeader_2.54mm:PinHeader_1x04_P2.54mm_Vertical,,
1,J703,Conn_02x10_Odd_Even,UI ribbon,Connector_PinHeader_1.27mm:PinHeader_2x10_P1.27mm_Vertical,,
1,J971,Conn_02x20_Odd_Even,B2B to supply_power,Connector_PinSocket_2.54mm:PinSocket_2x20_P2.54mm_Vertical,,
1,L501,L,22uH,Inductor_SMD:L_Bourns_SRN6045TA,,
1,PS601,B0505S-1WR3,B0505S-1WR3,Connector_PinHeader_2.54mm:PinHeader_1x04_P2.54mm_Vertical,C7465178,
1,R501,R,66.5k,Resistor_SMD:R_0603_1608Metric,,
1,R502,R,23.2k,Resistor_SMD:R_0603_1608Metric,,
4,R503 R701 R706 R707,R,10k,Resistor_SMD:R_0603_1608Metric,,
1,R504,R,1k,Resistor_SMD:R_0603_1608Metric,,
2,R601 R602,R,5.1k,Resistor_SMD:R_0603_1608Metric,,
3,R603 R704 R705,R,2.2k,Resistor_SMD:R_0603_1608Metric,,
2,R702 R703,R,4.7k,Resistor_SMD:R_0603_1608Metric,,
9,R708 R709 R710 R711 R712 R713 R714 R715 R716,R,100,Resistor_SMD:R_0603_1608Metric,,
1,SW701,SW_Push,RESET,Button_Switch_THT:SW_PUSH_6mm,,
1,SW702,SW_Push,BOOT,Button_Switch_THT:SW_PUSH_6mm,,
1,TP501,TestPoint,TestPoint,TestPoint:TestPoint_Pad_D1.0mm,,
1,U501,LMR38010,LMR38010,Package_SO:TI_SO-PowerPAD-8_ThermalVias,C5219310,
1,U601,USBLC6-2SC6,USBLC6-2SC6,Package_TO_SOT_SMD:SOT-23-6,,
1,U602,ADUM3160,ADUM3160,Package_SO:SOIC-16W_7.5x10.3mm_P1.27mm,C284149,
1,U701,STM32G474RETx,STM32G474RETx,Package_QFP:LQFP-64_10x10mm_P0.5mm,C521608,
